Test ID,Architecture,Test Name,Scenario Type,Requests Sent,Failed Requests,Successful Requests,Avg Response Time ms,P95 Latency ms,P99 Latency ms,Throughput req/s,Error Rate %,Source File,Notes
TC-01,Monolith,Catalog Baseline,Baseline,287916,0,287916,1.98,2.92,4.03,4798.43,0.00,monolith-TC-01-catalog-baseline.json,
TC-01,Microservices,Catalog Baseline,Baseline,323489,0,323489,1.75,2.80,5.24,5391.35,0.00,microservices-TC-01-catalog-baseline.json,
TC-02,Monolith,Checkout Baseline,Baseline,150696,0,150696,1.87,2.67,3.27,2511.37,0.00,monolith-TC-02-checkout-baseline.json,
TC-02,Microservices,Checkout Baseline,Baseline,40284,0,40284,7.26,21.78,44.26,671.28,0.00,microservices-TC-02-checkout-baseline.json,
TC-03,Monolith,Catalog Load,Load,375447,0,375447,7.88,16.71,23.26,6256.50,0.00,monolith-TC-03-catalog-load.json,
TC-03,Microservices,Catalog Load,Load,674611,0,674611,4.35,7.17,9.79,11242.60,0.00,microservices-TC-03-catalog-load.json,
TC-04,Monolith,Checkout Load,Load,305964,0,305964,3.76,6.44,8.77,5098.47,0.00,monolith-TC-04-checkout-load.json,
TC-04,Microservices,Checkout Load,Load,95949,0,95949,12.31,34.51,44.68,1598.56,0.00,microservices-TC-04-checkout-load.json,
TC-05,Monolith,Payment Failure Simulation,Failure,75516,25172,50344,1.87,2.52,3.09,2516.73,33.33,monolith-TC-05-payment-failure.json,
TC-05,Microservices,Payment Failure Simulation,Failure,24090,8030,16060,5.75,13.48,22.93,802.74,33.33,microservices-TC-05-payment-failure.json,
TC-06,Monolith,Inventory Failure Simulation,Failure,77025,25675,51350,1.83,2.46,3.12,2567.30,33.33,monolith-TC-06-inventory-failure.json,
TC-06,Microservices,Inventory Failure Simulation,Failure,39858,13286,26572,3.60,6.86,8.27,1328.28,33.33,microservices-TC-06-inventory-failure.json,
TC-07,Monolith,Payment Delay Simulation,Failure,450,0,450,336.10,1004.45,1004.85,14.87,0.00,monolith-TC-07-payment-delay.json,
TC-07,Microservices,Payment Delay Simulation,Failure,450,0,450,338.71,1011.80,1013.80,14.75,0.00,microservices-TC-07-payment-delay.json,
